<?xml version="1.0" encoding="UTF-8"?>
<beans xmlns="http://www.springframework.org/schema/beans"
	xmlns:xsi="http://www.w3.org/2001/XMLSchema-instance"
	xsi:schemaLocation="http://www.springframework.org/schema/beans http://www.springframework.org/schema/beans/spring-beans.xsd">

	<!-- HandlerMapping 등록 -->
	<bean class="org.springframework.web.servlet.handler.SimpleUrlHandlerMapping">
		<property name="mappings">
			<props>
				<prop key="/login.do">login</prop>
				<prop key="/getBoardList.do">getBoardList</prop>
				<prop key="/getBoard.do">getBoard</prop>
			</props>
		</property>
	</bean>

	<!-- Controller 등록 -->
	<bean id="login" class="com.springbook.view.user.LoginController"></bean>
	<bean id="getBoardList" class="com.springbook.view.board.GetBoardListController"></bean>
	<bean id="getBoard" class="com.springbook.view.board.GetBoardController"></bean>
</beans>
