<?xml version="1.0" encoding="UTF-8"?>
<beans xmlns="http://www.springframework.org/schema/beans"
	xmlns:xsi="http://www.w3.org/2001/XMLSchema-instance"
	xsi:schemaLocation="http://www.springframework.org/schema/beans http://www.springframework.org/schema/beans/spring-beans.xsd
		http://www.springframework.org/schema/context http://www.springframework.org/schema/context/spring-context-4.2.xsd">

	<bean id="collectionBean" class="com.springbook.ioc.injection.CollectionBean">
		<property name="addressList">
			<props>
				<prop key="고길동">서울시 강남구 역삼동</prop>
				<prop key="마이콜">서울시 강서구 화곡동</prop>
			</props>
		</property>
	</bean>
</beans>
