<?xml version="1.0" encoding="UTF-8"?>
<beans xmlns="http://www.springframework.org/schema/beans"
	xmlns:xsi="http://www.w3.org/2001/XMLSchema-instance"
	xmlns:p="http://www.springframework.org/schema/p"
	xmlns:context="http://www.springframework.org/schema/context"
	xsi:schemaLocation="http://www.springframework.org/schema/beans http://www.springframework.org/schema/beans/spring-beans.xsd
		http://www.springframework.org/schema/context http://www.springframework.org/schema/context/spring-context-4.2.xsd">
	
	<bean id="tv" class="polymorphism.SamsungTV">
		<constructor-arg ref="apple"></constructor-arg>
		<constructor-arg value="2700000"></constructor-arg>
	</bean>
	
	<bean id="sony" class="polymorphism.SonySpeaker"/>
	<bean id="apple" class="polymorphism.AppleSpeaker"/>
</beans>
