<?xml version="1.0" encoding="UTF-8"?>
<beans xmlns="http://www.springframework.org/schema/beans"
	xmlns:xsi="http://www.w3.org/2001/XMLSchema-instance"
	xsi:schemaLocation="http://www.springframework.org/schema/beans http://www.springframework.org/schema/beans/spring-beans.xsd
		http://www.springframework.org/schema/context http://www.springframework.org/schema/context/spring-context-4.2.xsd">

	<bean id="collectionBean" class="com.springbook.ioc.injection.CollectionBean">
		<property name="addressList">
			<list>
				<value>서울시 강남구 역삼동</value>
				<value>서울시 성동구 행당동</value>
			</list>
		</property>
	</bean>
</beans>
